{"accuracy": [0.6683329177788858, 0.6694745925121977, 0.672186329725343], "loss": [1.0689828140601585, 0.9921270682259578, 0.9625606983264836], "hospital_contribution": [[0.6545376712328768, 0.6733732876712328, 0.6770877944325482], [0.6553938356164384, 0.6750856164383562, 0.6779443254817987], [0.6553938356164384, 0.6793664383561644, 0.6817987152034262]]}