{"accuracy": [0.8477099427739415, 0.9220471204967801, 0.9322433453901833], "loss": [0.3548333569475819, 0.20947720930772729, 0.17450738985388795], "hospital_contribution": [[0.8292993630573249, 0.8553218610579987, 0.858508604206501], [0.924203821656051, 0.9267049075844487, 0.9152326322498406], [0.9305732484076433, 0.9343530911408541, 0.9318036966220523]]}